game_id,season,week,home_team,away_team,p_market_cal,p_model,p_meta,edge
2024_05_BAL_CIN,2024,5,CIN,BAL,0.4417996108162603,0.27593008,0.2869190662675474,-0.15488054454871292
