game_id,season,week,home_team,away_team,p_market_cal,p_model,p_meta,edge
2024_08_CHI_WAS,2024,8,WAS,CHI,0.5325173988144988,0.63253677,0.660133739037929,0.12761634022343027
