game_id,season,week,home_team,away_team,p_market_cal,p_model,p_meta,edge
2024_15_ATL_LV,2024,15,LV,ATL,0.27876000956473285,0.118092395,0.1002624044725965,-0.17849760509213636
