game_id,season,week,home_team,away_team,p_market_cal,p_model,p_meta,edge
2024_06_CIN_NYG,2024,6,NYG,CIN,0.35085977493775905,0.24831238,0.2309358478693202,-0.11992392706843885
