game_id,season,week,home_team,away_team,p_market_cal,p_model,p_meta,edge
2024_13_ARI_MIN,2024,13,MIN,ARI,0.6213279660261977,0.6472507,0.7058056842256073,0.08447771819940963
