game_id,season,week,home_team,away_team,p_market_cal,p_model,p_meta,edge
2024_04_DAL_NYG,2024,4,NYG,DAL,0.3352745239118754,0.2917416,0.2643933298590285,-0.07088119405284687
