game_id,season,week,home_team,away_team,p_market_cal,p_model,p_meta,edge
2024_11_WAS_PHI,2024,11,PHI,WAS,0.6644242203577485,0.47503528,0.5708513930014726,-0.09357282735627592
