game_id,season,week,home_team,away_team,p_market_cal,p_model,p_meta,edge
2024_14_ATL_MIN,2024,14,MIN,ATL,0.6796655825496415,0.6609785,0.7385974646770818,0.05893188212744027
