game_id,season,week,home_team,away_team,p_market_cal,p_model,p_meta,edge
2024_02_ATL_PHI,2024,2,PHI,ATL,0.6893404356908186,0.8253325,0.8691044532232538,0.1797640175324352
