{
  "platt_a": 0.9225095618104456,
  "platt_b": 0.03390545764461045,
  "cap_model": 2.5,
  "cap_market": 2.5,
  "scaler_mean": [
    0.17437736197913947,
    0.22075599478496363
  ],
  "scaler_scale": [
    1.8961364823565723,
    0.737566247691654
  ],
  "meta_coef": [
    1.7903258901766168,
    0.30500611849649667
  ],
  "meta_intercept": 0.3531548719896893,
  "shrink_lambda": 0.96,
  "mkt_flip": false
}